x,y,theta
-0.0044888483431421156,0.007531592946838965,-0.068071213374113926
0.045422902128226618,0.0045266156474284948,-0.052792579987737731
0.095373385430637697,0.0022547047429436686,-0.038072385357870407
0.14535195815966812,0.00072023881731905358,-0.023867988011962177
0.19534682268406139,-0.00013191327967802775,-0.011539904860236733
0.24534804147899927,-0.00043375769671318644,-0.0020991186958037476
0.29535008864591572,-0.00034183231322211142,0.0044759437266382969
0.3453509558378749,1.3852709614034673e-05,0.0088669812391509954
0.39535026818533914,0.00054489064183244041,0.01179006202195774
0.44534820149707821,0.0011928810689673468,0.01368989148496774
0.49534513507351335,0.0019138950427866422,0.014758423605981494
0.54534156948472257,0.0026687327053471358,0.015053743710039643
0.59533806856290628,0.0034192767521945581,0.014590480517569631
0.64533518084470876,0.00412779108106012,0.013381939924924291
0.69533334768598032,0.0047574874517633415,0.011465954247394794
0.74533280720951012,0.0052744095381666778,0.0089398804918089606
0.79533351626543458,0.0056515008251036202,0.0060109544358769793
0.84533514494491868,0.0058755262735572869,0.0030471698397210316
0.89533721040230496,0.0059562300089003742,0.00059756826253863334
0.94533933738214426,0.0059352856121916899,-0.00064581448780521504
0.99534145060939605,0.0058916458127538348,5.6910610566553007e-05
1.0453435576232812,0.0059409769134309894,0.0033778311363431858
1.0953448510519368,0.0062294416972312524,0.0098316289338462141
1.1453421363512502,0.0069241575119833761,0.019732997400576498
1.1953278764706172,0.0082026626028452697,0.033186002200366126
1.2452883191692932,0.010242189905914108,0.05007885561952987
1.2952022758291855,0.013208443580543522,0.070078914564519854
1.3450411224631371,0.017244224297077837,0.092650497697814124
1.3947703055533187,0.022459958272088604,0.11711969162263877
1.4443520188527565,0.02892896137701002,0.14278113991730651
1.493748142125741,0.036688951177862555,0.16901104920791418
1.5429224514028876,0.045748911891118162,0.19535080489470141
1.5918414741394864,0.056099102662618666,0.22155691464303653
1.640473654567526,0.067722784880253406,0.24764188435443377
1.6887864280422926,0.080609847030136322,0.27392503332568929
1.7367407254836371,0.094772717459426559,0.30107651878187869
1.7842828394090657,0.1102630271927713,0.33011035723257914
1.8313343850348056,0.1271850624506746,0.36230032603165929
1.8777814572677238,0.14570193607109322,0.39910428182690183
1.9234610149549838,0.16603834344727689,0.44181328268241415
1.9681584495944735,0.18845003569193428,0.49146800062739371
2.0115954542065966,0.21321452980689909,0.54882738742209014
2.0534316239084052,0.2405939828550214,0.61401008387620026
2.0932777240439933,0.27079274007313825,0.68632187048226789
2.1307274974485368,0.30391253599873358,0.76416840529128971
2.1654051301429442,0.339920874606576,0.845245040554641
2.1970136501165789,0.37864851326407911,0.92700462931397443
2.2253650036837311,0.4198189923463953,1.0071968782539762
2.2503824058007043,0.4630960652048095,1.0842029012480334
2.2720825257579755,0.50812849779952918,1.15701920734821
2.290555333837438,0.5545792187696339,1.22494575307151
2.3059573265085782,0.60213813982686704,1.2871607994559686
2.318523319370176,0.6505260572829743,1.3423911318673996
2.3285897403880473,0.69949787201034241,1.3888286449291998
2.3366149060978487,0.74884824310181575,1.4243154047845061
2.3431838689244482,0.79841586283754695,1.4466751765262855
2.3489952001083667,0.84807912684534614,1.4540207903602236
2.354835307487952,0.89773828080967133,1.4449670765495435
2.3615444545384805,0.94728462643057199,1.4188425967352156
2.369968813640464,0.99656342465266678,1.3760593492862465
2.3808854577779925,1.0453445676100477,1.3186538264671415
2.3948965234160489,1.0933229570613943,1.2506955408809073
2.4123193937383096,1.1401675425471061,1.1780570416431757
2.4331278441397064,1.1856110355735763,1.1073262123582752
2.4569840353428329,1.2295364784883382,1.0443211085743478
2.4833442141909048,1.2720134245709978,0.99302534716053048
2.5115797573229939,1.3132738831422803,0.95537691068168107
2.5410658083778164,1.3536545273497949,0.93170605266195305
2.5712254910740429,1.393536654801089,0.92136727248819195
2.6015412412257755,1.433300415853128,0.923267560904103
2.6315485634121281,1.473296128557438,0.93622591686667977
2.6608219709892742,1.5138297578578219,0.95920502622344705
2.6889576015024503,1.5551581645571031,0.99144338594636228
2.7155554186085364,1.5974888281337778,1.0324751318685348
2.7402050765969115,1.6409782845243177,1.0820195104745047
2.7624809930873018,1.6857249833629617,1.1397581452763645
2.7819518614510539,1.7317562073508754,1.2050712426517438
2.79820630873557,1.7790139575346005,1.2768494508669033
2.8108892081149701,1.8273485292002332,1.3535058642079216
2.8197349041369031,1.8765272057747979,1.4332426243496301
2.8245809987823587,1.9262577339813225,1.5144835012830062
2.8253546490864889,1.9762168114786136,1.5962636536957364
2.8220384770099276,2.0260708034206747,1.6783786488532977
2.8146340850238976,2.0754819335820747,1.7612262495957647
2.8031412386918007,2.1241029659828246,1.8454133629493319
2.7875625564414976,2.1715704865526835,1.9312729155189181
2.7679322248417177,2.21750869193531,2.018458598219866
2.7443559237810375,2.2615514815363507,2.1057807664840578
2.7170416625207934,2.3033807660172299,2.1913785207002334
2.6863037399471459,2.342767394831307,2.273172427850227
2.6525358318388945,2.3795965084432802,2.3494004559230586
2.6161648044227981,2.4138659172495616,2.4190331746417972
2.5776025633248505,2.4456581613868424,2.4819864012729083
2.5372080901777618,2.4750948111434918,2.5391620406245528
2.4952640675704125,2.5022832509351858,2.5923617121542359
2.4519684705969449,2.5272655128033654,2.644080983941262
2.4074409636409411,2.5499778626456089,2.6971891318354779
2.3617438893723111,2.5702278626921213,2.7545343158432232
2.3149165218194736,2.5876927084378356,2.8185224190290818
2.2670191997887126,2.6019417163090606,2.890671070605467
2.2181803372405815,2.6124884970228357,2.9711130274509325
2.1686322542433394,2.6188790901515375,3.0581285136214449
2.1187137834999303,2.6208097189720476,3.1480010656447237
2.0688216513270632,2.6182394539244358,3.2355485705213374
2.0193202384460416,2.6114435303969077,3.3153180103680095
1.9704528525686864,2.6009762784056587,3.3828836808992579
1.9222989034476468,2.5875679887944503,3.4355812024189216
1.8747867703429586,2.5720122512129411,3.4724982610412662
1.8277407051050101,2.55508374541082,3.4940640016764735
1.7809362219203251,2.5374910468653464,3.5016595137062358
1.7341499062529167,2.519848757608087,3.4974134790707723
1.6871979907085037,2.5026542604749595,3.4840820411438216
1.6399597085671638,2.4862661622489886,3.4648328981772463
1.5923824834679132,2.4708920736081348,3.4428636177174483
1.5444706913968125,2.4565949192057985,3.4209564951900018
1.496265379147474,2.4433193740718813,3.4011458095467342
1.4478238152335672,2.4309310049629067,3.3845941326084095
1.3992043148621807,2.4192579093463822,3.3716446584962889
1.3504571790370106,2.4081279121759538,3.3619641100596382
1.3016201385045749,2.3973981282243884,3.3547269175695238
1.2527166657686823,2.3869747834079513,3.3488331913516971
1.2037564140098702,2.3768213691338964,3.3431446763183357
1.1547375378996294,2.366955066543194,3.3366910971332904
1.1056504526684792,2.3574344448851909,3.3288001870783694
1.0564822327912577,2.3483429931667361,3.3191478751131513
1.0072208636497693,2.3397717556558089,3.3077652719190858
0.95785881684652874,2.3318019497470841,3.2950338262619314
0.90839550012150461,2.3244877373265895,3.281659663518588
0.8588380683169573,2.3178409910111433,3.2685925418929682
0.8092003503028421,2.311821794836264,3.2568764207806589
0.75950038066564929,2.3063379632023082,3.2474658626823709
0.70975764968950161,2.3012539620370149,3.2410649973110055
0.65999108902315484,2.296406763543112,3.2380226206250264
0.61021807698412334,2.2916255016264122,3.2382797499268507
0.56045398255433621,2.2867527076675001,3.2413581258614368
0.51071148156344137,2.2816651114413093,3.2464011797811669
0.46099922144995942,2.276290664739224,3.2522912844276597
0.41132016021046441,2.2706174646987196,3.257837286481208
0.36167049022665299,2.2646919419205913,3.2619761218071019
0.31203993769392002,2.2586076951457983,3.2639157551521505
0.26241351204946228,2.252489598719813,3.2631881733098314
0.21277417285949612,2.2464775807197856,3.2596460364481108
0.16310582930937942,2.2407112230818012,3.2534662389249722
0.11339628046358941,2.2353132040256249,3.2451915071371316
0.06363962346334634,2.2303696138158315,3.2357748835664433
0.013837388651427064,2.2259087022294235,3.2265506276364273
-0.036002119785667794,2.221883826948269,3.2190817544804693
-0.085865793132256674,2.2181672915206549,3.2149148993108394
-0.13573747881650361,2.2145578732590399,3.2153407163075518
-0.18559799627565865,2.2107988715050224,3.2212544883434431
-0.23542289108251885,2.2065999095266857,3.233145993304563
-0.28517850371423303,2.2016563850431514,3.2511818836471216
-0.33481733306853273,2.1956635328338536,3.2753249307054868
-0.38427338925357335,2.1883246289562734,3.3054555862037809
-0.4334576090205785,2.179353808159548,3.3414851479905452
-0.48225276533020556,2.168474192074171,3.3834527386039968
-0.53050694122225339,2.1554127975519783,3.4315859935594326
-0.57802489333269713,2.139895259125407,3.486295478540729
-0.62455777337451013,2.12164506679993,3.5480741551663133
-0.66979385017351756,2.1003929063222491,3.6172864898768049
-0.71335589124468735,2.0759007371865148,3.6938655880649391
-0.75481334152343427,2.0480007577804811,3.7770039361430991
-0.7937159153063077,2.0166403942060782,3.8650018008997682
-0.82964607151090752,1.9819146538969026,3.9554410861773861
-0.86227362607928149,1.9440663637175504,4.0457006145874796
-0.89138857396341509,1.9034495035175498,4.1335893773124148
-0.91689870218853731,1.860472009861966,4.217762636261063
-0.93880021082923182,1.8155436213769844,4.2977217012273847
-0.95714395649810113,1.7690453084564659,4.3734496498649635
-0.97201795654175238,1.7213206253908147,4.4448993968940291
-0.98355399127600385,1.6726784744786374,4.5115726427951781
-0.99195168935274902,1.6233950648918856,4.572361163829747
-0.99750385777840811,1.5737083406223475,4.6257013442006416
-1.0006064569133888,1.5238067312943613,4.6699515914581546
-1.0017454017679821,1.4738200688183933,4.7038273534613548
-1.0014625270883859,1.4238199804703482,4.726791218604327
-1.0003052457658059,1.3738316917128182,4.7394300023579792
-0.9987586739702361,1.3238535644689915,4.7438813490587499
-0.99715639822151247,1.2738771112466756,4.7441957220585937
-0.99557840058609226,1.2238998853633685,4.746257323215028
-0.99377007735679523,1.1739305031018374,4.7568492217589124
-0.99113382742649547,1.1239983983785373,4.781825350123432
-0.98683284735965693,1.0741833912852183,4.8239137068433742
-0.98000817863882717,1.0246528560922203,4.8810598868230048
-0.97005474008056614,0.97565606759696999,4.9463776238581234
-0.95683625067238198,0.92743667081683812,5.0104054186065428
-0.94070634430125655,0.88010979445624771,5.0649023414150776
-0.922319976211741,0.83361169157446446,5.1059049517675312
-0.90236683621570779,0.78776347369887978,5.1343021068284189
-0.88137039630674896,0.74238337175494429,5.1542446028652904
-0.85960485784442997,0.69736704151467488,5.1708882568507617
-0.83710972447038312,0.65271082103362799,5.1886739870830709
-0.81375700148285268,0.60849704772342306,5.2105673985307801
-0.78932872123408904,0.56486834336646774,5.2380838098878915
-0.76357939407462994,0.5220060609674112,5.2717103328073378
-0.73627440903319896,0.48011766006664219,5.3113293518651554
-0.70721323381768708,0.43942824466639591,5.3564142824425742
-0.67624761481912354,0.40016927796831314,5.4064111742303327
-0.64327041914631311,0.36258504745178183,5.4610033847309545
-0.60821235231782267,0.32693525518551414,5.5200724817672828
-0.57103685510375979,0.29350130872112845,5.5836470636643565
-0.5317434866302182,0.26258675534712761,5.6516163400169708
-0.49038295941313487,0.23450132848493541,5.7233075245114158
-0.44707861671701377,0.20952056818311737,5.797105743107978
-0.40204007381499812,0.18782423249578514,5.870364305231714
-0.35555342049647942,0.1694335177753381,5.9397572607919926
-0.3079447113760721,0.15417586515855305,6.0019599965570727
-0.25953149633009059,0.14169456773264055,6.0543199143575386
-0.21058403912434079,0.13149600131371142,6.0952235094500598
-0.16130854959018076,0.12301186846201681,6.1241244796433341
-0.11185066187674547,0.11565759035344986,6.1414078622363801
-0.062309846287727511,0.10888127921377394,6.1482691688418543
-0.012755309585928583,0.10220631387209236,6.1466437427502312
0.036762993894928715,0.095269019456867846,6.1390874591307796
0.086210709236063415,0.087845992187147379,6.1285032898711211
0.13557102782862387,0.079862119121700395,6.1177289266122665
0.18484751771955285,0.071375328569452348,6.1091298271417793
0.2340635039252158,0.062543720923643589,6.1043518766420348
0.28325678684774547,0.053586417746673339,6.1042754913743824
0.33247133201818824,0.044747307952252485,6.1090965448173158
0.3817483869874867,0.036264794173452672,6.1184400296952495
0.43111908960753442,0.028346912174533612,6.131476577179817
0.48060015277611712,0.021151996980604815,6.1470705318610186
0.53019351126301129,0.014777514716035643,6.1639789918876904
0.57988949884352681,0.0092596960087931134,6.1810646533928733
0.6296717974353685,0.0045832650870429939,6.1974501093824541
0.67952209765852312,0.00069668427896842403,6.2125662394774679
0.72942324187729968,-0.0024728225166452296,6.2261062684103647
0.77936073086123625,-0.005008205824718402,6.2379371107035215
0.82932309989721487,-0.0069961983938833109,6.2480174880285348
0.87930172456125189,-0.0085243623018697087,6.2563456454714066
0.92929041276696578,-0.0096799317088332257,6.2629370882207551
0.97928494449946923,-0.010549121149494935,6.2678277268096787
1.0292826159479045,-0.011215690746403738,6.271105002166105
1.0792818118678384,-0.011757172573435122,6.2729750544286418
1.129281643672827,-0.012236741575835408,6.2738639442906408
1.1792817266646933,-0.012689335066127924,6.274521953866703
1.2292821371664855,-0.013103102857079272,6.2760703271704559
1.2792833239877457,-0.013400856438437763,6.2799331622320427
1.3292852346951596,-0.013428328572024152,6.2876493242544811
1.3792845629752284,-0.012954446234810931,6.3006286776007441
1.4292693930766673,-0.011684090950464302,6.3199454672072397
1.4792116116302552,-0.0092794564366387253,6.3462249786824856
1.5290586122795817,-0.0053850650308589314,6.3796166863493298
1.5787264653964457,0.0003467547548452383,6.4198192864429808
1.6280967219619673,0.0082317483670916371,6.4661480893462446
1.6770181268784676,0.018533865093171922,6.5176695475485706
1.72531242327797,0.031454484034543914,6.5734152001061377
1.7727808984112698,0.047134677881352109,6.6326244893303405
1.8192074800116282,0.065669192989143074,6.6949097388532985
1.8643565966876601,0.087124221992204945,6.7602432764244877
1.9079687524595803,0.11154786441018444,6.8287365477888482
1.9497611003437485,0.13896482267190169,6.9002746583511589
1.9894414046890356,0.16935466637019114,6.9741520007321043
2.0267394963347289,0.20262307631957349,7.0488924097542203
2.061450673261521,0.23858246770598382,7.1223818802234264
2.0934756424846972,0.27695583552286346,7.1922810870859557
2.1228402664305674,0.31740496764859671,7.2565166381297006
2.149688574278569,0.35957067253087194,7.3136185687822266
2.1742560869680085,0.40310896471984914,7.3627996392850346
2.1968369098022298,0.44771366179789712,7.4038315026888855
2.2177553015606275,0.493124676958277,7.4368413902629271
2.2373460997765156,0.53912622769429097,7.4621251323165465
2.2559436794974523,0.58553974149749133,7.4800140695139357
2.2738772702034362,0.63221477069009202,7.4907956060574357
2.2914702262706257,0.67901966947126247,7.4946795195176925
2.309040825380662,0.72583288953485281,7.4918124359160618
2.3269016750810274,0.77253560380528508,7.4823545753824323
2.345354082924815,0.81900683608087776,7.4666284741179885
2.3646740127782242,0.865122986024771,7.4453155139778175
2.3850890858755252,0.91076378214081488,7.4196215473536542
2.4067515693073056,0.95582520505429491,7.3913016173483221
2.4297173119694726,1.0002365626878749,7.3624778573492966
2.4539403270954283,1.043975550321492,7.3353005665881428
2.4792857153872712,1.0870749921993808,7.3116050722675396
2.5055546506104198,1.1296190606066665,7.2927150706887662
2.5325108938751746,1.1717320297441405,7.279441394966665
2.5599006505267172,1.2135649989970079,7.2722163076015676
2.5874629965411735,1.2552846612025346,7.2712640007064451
2.6149323428478572,1.2970653323782699,7.2767364222453645
2.6420359377485156,1.3390833940368927,7.2887919806846799
2.668489053155584,1.3815126360171359,7.3076250620735426
2.6939896951092241,1.4245191261329393,7.3334582133072264
2.7182144155159755,1.4682544602863148,7.3664972172002727
2.7408173789132979,1.5128463824146949,7.4068399569838981
2.7614357484752974,1.5583862893102338,7.4543406223016708
2.7797043189380339,1.6049147788700608,7.5084676074758887
2.7952795345507981,1.6524090653959438,7.5682350992229415
2.8078675981738082,1.7007778951836023,7.6322878376149621
2.8172466149214128,1.7498678830971144,7.6991447794698065
2.8232736000939522,1.7994797703030663,7.7674973637317857
2.8258750595653543,1.8493879652045881,7.8364013593314619
2.8250296407924851,1.8993564684548965,7.9052484893119717
2.8207561324430599,1.9491491389075624,7.9735160999727377
2.8131172024886331,1.9985383000105812,8.0404002541340791
2.8022405285196696,2.0473186307277285,8.1045042394228695
2.7883481621633059,2.095330674419746,8.1637578456599975
2.7717778222043119,2.1424905654984672,8.2156481936183567
2.7529825428218135,2.1888146573772982,8.2576707894186328
2.7325073924967076,2.234426781894812,8.2877867196235933
2.7109538651172391,2.279543383404802,8.3047163791270595
2.688944059410161,2.3244408138176751,8.3080636127735108
2.6670886510414409,2.3694127902375612,8.2983766744419416
2.6459540840679296,2.4147253835462434,8.2772112276398087
2.6260235053613687,2.4605771371575846,8.2471235803174974
2.6076541209174051,2.5070739759865783,8.2114449454619862
2.5910442995978742,2.5542272412070206,8.1737826852841646
2.5762260083012349,2.6019746110615096,8.1374027008635466
2.5630873098213032,2.6502129726956598,8.1047624823177777
2.5514144709643571,2.6988289061954589,8.0773616187042521
2.5409369375254252,2.7477182015502395,8.0558651659534828
2.5313637953734283,2.796793959762939,8.0403337927911771
2.5224093252122626,2.8459872208269466,8.0304273177981447
2.5138101200394121,2.8952442538333178,8.0255491831396171
2.5053359213777999,2.944523064556277,8.0249644080784144
2.4967943226733169,2.9937901676224992,8.027920133212497
2.4880290047671689,3.0430177950193049,8.0337600769349589
2.4789126346893222,3.0921814108199608,8.0420013647164641
2.4693372312117421,3.1412574445884833,8.0523544192164334
2.4592050045824503,3.1902212672136301,8.0646964816151474
2.4484213709034885,3.239045428650174,8.0790273438575895
2.4368902744471903,3.2876980774430491,8.0954301624097553
2.4245112359944501,3.3361414281540167,8.1140423114861324
2.4111777652539406,3.3843302170417373,8.1350289043248551
2.3967772709421942,3.43221024199336,8.1585516138140708
2.3811927973758138,3.4797172249340789,8.1847313508882724
2.3643067951919736,3.526776338336862,8.2136060661226402
2.346007017164359,3.5733028655551089,8.2450835280031516
2.3261945815307352,3.6192046332434966,8.2788916237923758
2.3047938181018273,3.6643868492017257,8.314541539512744
2.2817623099199151,3.7087594095231928,8.3513332752419664
2.2570981108136321,3.7522454924943278,8.3884281832522145
2.2308409133298008,3.79478898605571,8.4249809993823845
2.2030658776540935,3.8363581415779859,8.4602850612590004
2.1738719105665623,3.8769442780256358,8.4938738815893515
2.1433681727759941,3.9165564240465356,8.525550855751435
2.1116622562728247,3.9552139712102918,8.555359943296228
2.0788516578496101,3.992939213815955,8.5835290788015204
2.0450186113427802,4.0297508591974216,8.6104080941550034
2.0102278607591755,4.0656591249750473,8.6364055298092488
1.9745270854961219,4.1006629584997754,8.6619246620217805
1.9379496150087769,4.1347496899354743,8.6873075317806503
1.9005186136004031,4.1678968174334345,8.7128012289928858
1.8622515424543407,4.2000749797543797,8.7385537054492204
1.8231638480115668,4.2312509962253566,8.7646327932900547
1.7832714027886885,4.2613902276081799,8.7910538548255825
1.7425918095929358,4.2904580821688043,8.8178034296387438
1.701144961010443,4.3184208801592936,8.8448533970191807
1.6589532433955034,4.3452464146327712,8.8721643759824609
1.6160417248742271,4.3709046432342911,8.8996726103719848
1.5724388353715473,4.395369470057199,8.9272395533558253
1.5281785723759604,4.4186240465378956,8.9545241402601299
1.4833058960460686,4.4406744285817714,8.9807385097428405
1.4378868374168203,4.4615780540166057,9.0043069736297738
1.3920230523526707,4.4814904183954161,9.0225750692763693
1.3458679784259502,4.5007221691024339,9.0318324089618525
1.2996413973437089,4.519782831452468,9.0278790260795834
1.2536417414128884,4.5393781138658262,9.0071352443237966
1.208254413100035,4.5603356343309738,8.968004771836803
1.1639432028438685,4.5834592295631005,8.9119769380853029
1.1212011806731355,4.6093502524807857,8.8438291408685643
1.0804541451565834,4.6382719156762944,8.7704979731521977
1.0419563487447498,4.6701294476645652,8.6989822749967072
1.0057419643923471,4.7045695931125824,8.6344487312205196
0.97165549721011113,4.7411270569036983,8.5795301754218549
0.93942579288656503,4.779339829280282,8.5348064054049164
0.90873443540992405,4.8188048481304993,8.4997623582182644
0.87925517420055455,4.859187458479326,8.4735818349991696
0.85066819340087718,4.900209285043351,8.4555343953898188
0.82266342193556796,4.9416323972951215,8.4450212746405882
0.7949441356902277,4.9832478471014197,8.4414624916462877
0.76723453005357745,5.0248697980782318,8.4441900033571482
0.73928882543015939,5.0663331491835804,8.452434480105417
0.71089727592721708,5.1074917436541938,8.465408809175166
0.6818859700982256,5.1482149532688375,8.4824334498773037
0.65211065358740994,5.1883819130140711,8.5030353674540944
0.62144754212558406,5.2278741655370258,8.5269803755232161
0.58978471477699579,5.2665681913354421,8.5542422929048971
0.55701641880201769,5.3043290357684247,8.5849401655009494
0.52304086509251968,5.341005492705535,8.619274621387202
0.48776101772214348,5.3764267490706104,8.6574770977046978
0.45108770949956595,5.4104003515327861,8.6997684292331421
0.41294472920253611,5.442711750612319,8.7463142079329064
0.37327585196835544,5.4731263321250854,8.7971628693310304
0.33205377942160369,5.5013955718307352,8.8521591292293138
0.28929028470327184,5.5272692680208548,8.9108448626429286
0.24504536022280893,5.5505147672710242,8.9723899676814955
0.19943153066559854,5.5709409536296528,9.0356154842373186
0.15260948815471712,5.5884205198448456,9.0991477558920906
0.10477418904701488,5.60290197281447,9.1616716369660978
0.056135216848516467,5.614405908594204,9.2221830794253012
0.0068979859492607556,5.6230070145697422,9.2801414008456931
-0.042748894027908831,5.6288087410498235,9.3354926983013602
-0.09263841218787075,5.6319178392061007,9.3886112012276826
-0.14262327451965873,5.6324224495093,9.4402216226056197
-0.19256924015895663,5.6303744185845668,9.4913261098860584
-0.24234512809082598,5.6257763307047846,9.5431170938008822
-0.29181069137059462,5.6185751401726343,9.596853285496298
-0.34080387614164082,5.6086647848435005,9.6537036699626899
-0.38912949089047383,5.5958988419192055,9.7145866140827994
-0.43655170774349306,5.5801123589898021,9.780026117592822
-0.48279319657043801,5.5611507856921909,9.8500325687632415
-0.52754387837357253,5.5389029196084438,9.9240253668689444
-0.57048103888623303,5.513332352715544,10.000850015821733
-0.61129838266860059,5.4844986040810664,10.078951656215272
-0.64973561790066403,5.4525590603333338,10.156700750626296
-0.6855972917548947,5.4177494886669342,10.232753576585655
-0.71875436829085759,5.3803512316879152,10.306269305354341
-0.74913254093639592,5.3406593515648435,10.376857887900089
-0.77670021907605602,5.2989635202494458,10.444262180041706
-0.8014704874757812,5.255544819637878,10.507919306088668
-0.82352298047836014,5.2106819371626312,10.56666280020592
-0.84303505454617012,5.1646544112443067,10.618843931500116
-0.86029590743630224,5.1177333197519648,10.662948817431412
-0.87567886961167352,5.0701609263725596,10.698407346027535
-0.88957276925872186,5.0221306612557504,10.726052223793133
-0.90230401333052557,4.9737781036533173,10.747882964128332
-0.91408863644890181,4.9251856143814843,10.766285623912371
-0.92503218633039608,4.8763966136963939,10.783214248708697
-0.93516521187968316,4.8274328059986793,10.799776302702025
-0.9444869698660604,4.7783080960375584,10.816303620131931
-0.95299627403260745,4.7290361534579031,10.832678848888833
-0.96070446932095466,4.6796325172705115,10.848642429892525
-0.96763660262711559,4.6301139705205436,10.863955766196202
-0.97382836599376299,4.5804973407573657,10.878444479587824
-0.97932288591027172,4.5307985900912495,10.89199116264024
-0.98416827486846992,4.4810322797845155,10.90452205489099
-0.98841567346674941,4.431211293381117,10.915999847463375
-0.99211748223726182,4.3813467287189782,10.926420382836113
-0.99532571948396809,4.3314479132390566,10.93580885172876
-0.99809063339518889,4.2815225153927869,10.944212781422944
-1.0004597694684572,4.2315767251250014,10.951691987291639
-1.0024776006549916,4.1816154699405228,10.958308622710085
-1.0041856048025537,4.131642631293305,10.964121608365108
-1.0056224662447062,4.0816612352016062,10.969187922567762
-1.0068240363016336,4.0316736077618023,10.973569423737386
-1.0078228618376146,3.9816815014204789,10.977340362690647
-1.0086474011862199,3.9316862041878866,10.980589817926965
-1.009321313975541,3.8816886407321669,10.98341596656719
-1.0098632535334453,3.8316894664890371,10.985914080240548
-1.0102873598405724,3.7816891498173266,10.988164054010452
-1.0106043010515537,3.7316880362168496,10.990223232674126
-1.0108224851937722,3.681686392114417,10.992126578128433
-1.01094908579232,3.6316844306162541,10.993892033624071
-1.0109907175888302,3.5816823247501945,10.995527242499044
-1.0109537904972228,3.5316802138892345,10.997034829784182
-1.0108446572492584,3.4816782072907744,10.998415459066504
-1.0106696617088242,3.431676386716084,10.999669191673867
-1.0104351506330873,3.3816748088454487,11.000795954487124
-1.0101474752371802,3.3316735076726851,11.001795662956297
-1.0098129906834301,3.2816724969084632,11.002668244741798
-1.0094380553090523,3.2316717723931383,11.003413642401702
-1.009029029870872,3.1816713145170246,11.004031813038477
-1.0085922768295434,3.1316710906466412,11.004522727737912
-1.0081341596685223,3.0816710575553388,11.004886371088331
-1.0076610422414185,3.0316711638569722,11.005122740796814
-1.0071792881413102,2.9816713524414027,11.005231847402877
-1.0066952600855827,2.9316715629104806,11.005213714089891
-1.0062153193098398,2.881671734013489,11.005068376594377
-1.0057458249644406,2.8316718060807853,11.00479588321301
-1.0052931335072226,2.7816717234545503,11.004396294907245
-1.0048635980859835,2.7316714369155459,11.003869685508784
-1.0044635679039684,2.6816709061045665,11.003216142119845
-1.0040993875525541,2.6316701019376092,11.002435766834708
-1.0037773961917458,2.5816690090140018,11.001528687786749
-1.0035039257622504,2.5316676280197146,11.000495117422009
-1.0032852943195123,2.4816659781344561,10.999335583650716
-1.0031277811077666,2.4316640994430214,10.998051627005408
-1.0030375501502506,2.3816620552449823,10.996647416125926
-1.0030204637401072,2.3316599337737673,10.995132605342562
-1.0030817202335316,2.2816578480635905,10.993526036194831
-1.0032252973603708,2.2316559318867291,10.991858725155826
-1.0034532912564775,2.1816543298335338,10.990173904213918
-1.0037653557979012,2.1316531816429052,10.988522757495291
-1.0041584681201061,2.081652604165217,10.986956843284961
-1.004627125911703,2.0316526763907148,10.985520341645634
-1.0051638882681397,1.9816534317634493,10.984245388146986
-1.0057600396022144,1.9316548583481403,10.983151738020808
-1.0064061639883481,1.8816569042672104,10.982249587580409
-1.0070925268111146,1.831659485124117,10.981543325944102
-1.0078092738353164,1.7816624913406545,10.981034548106516
-1.0085465114766323,1.7316657948042455,10.980723837051984
-1.0092943276145034,1.6816692549645107,10.980611713332021
-1.0100427768762754,1.6316727244850733,10.980699768488147
-1.0107817880951524,1.5816760538025274,10.980994094118875
-1.0115008066975,1.5316790921485168,10.981515224167744
-1.0121877079668975,1.4816816800108994,10.982320765778917
-1.0128261763609099,1.4316836282265113,10.983545233449348
-1.013390635171187,1.3816846917362375,10.985453713081329
-1.0138382586546026,1.3316845875950696,10.988496616610576
-1.0140984246729061,1.2816831957955503,10.993354251913477
-1.014060270017531,1.2316812393982515,11.000976396863665
-1.0135582021172327,1.1816820165047017,11.012631168355222
-1.0123546555750333,1.1316952541935064,11.029943489531743
-1.0101220891241103,1.0817448713408861,11.054828120657501
-1.006433447426152,1.0318826952881126,11.089175487400476
-1.0007780185012534,0.98220804583684118,11.134219480251438
-0.99261946133026868,0.9328864075335972,11.189722808006868
-0.98149752051744577,0.88415096961282569,11.253362857138143
-0.9671457735068707,0.83626890512354146,11.320793051526111
-0.94957266173682742,0.78947221703123371,11.38658136544505
-0.9290615145608232,0.74388355042247811,11.445657442518486
-0.90609162693885648,0.69947874025344203,11.494542877788687
-0.88122478357812861,0.65610393594981353,11.531889300615923
-0.85500231026078788,0.61353223531166434,11.558382275309405
-0.82787116584652598,0.57153219576422487,11.576310811463035
-0.80013828513995211,0.52992629709215777,11.588992356731747
-0.77195027459750709,0.48862716015388857,11.60011411156453
-0.74329878472833411,0.447648260636481,11.613079721744779
-0.71404961915342036,0.40709413576976633,11.630521168212894
-0.68398689019031156,0.36714008526801678,11.654094712440681
-0.65285982955947419,0.32801067268010053,11.684543131151592
-0.62042256710324906,0.28996182778075269,11.721907814416937
-0.58646260876365408,0.25326732790252249,11.765783850056932
-0.55081733242130226,0.21820940290608215,11.815573479955809
-0.513379332726003,0.18507430879456896,11.870720284517873
-0.47409331103621699,0.15415405703589563,11.930877104354447
-0.43295017295295662,0.12575277208734278,11.995920221984544
-0.38998597241162503,0.10019043808778329,12.065715509720265
-0.34529158932870024,0.077790078899171569,12.139586600257207
-0.29903172715835502,0.058830420493417634,12.215572535642277
-0.25145899630856811,0.043453619941740108,12.28986199270912
-0.20289834996288503,0.031549880096774785,12.35711544686554
-0.15368905275699088,0.022690813640239726,12.412169549051027
-0.10411123381261611,0.016194904812731375,12.452490829275936
-0.054346590931858008,0.011328555371524381,12.479627336858069
